1588249500,0.42,9983.99,0.42,35.57,0.022,22
1588249800,47.35,9973.98,47.35,9973.98,0.002,2
1588250100,30.14,220.0,30.14,207.01,0.005,5
1588250400,9998.88,9998.97,207.01,9998.96,0.005,5
1588250700,207.0,7599.99,207.0,270.0,0.003,3
1588251000,207.0,9875.96,205.01,205.11,0.01,10
1588251300,205.15,2999.65,205.0,2499.85,0.011,9
1588275600,30.04,249.98,30.04,249.92,0.01599999,23
1588275900,30.12,249.99,30.04,249.92,0.009,9
1588276800,32.03,249.98,32.03,249.97,0.029,29
1588277100,32.08,249.96,32.08,249.9,0.0126,7
1588277400,249.89,249.89,249.89,249.89,0.0018,1
1588277700,32.03,249.98,32.03,249.9,0.023,18
1588278000,32.09,249.96,32.03,32.43,0.06,30
1588278300,32.48,249.79,32.48,32.9,0.022,22
1588278900,32.96,249.53,32.96,33.15,0.008,8
1588329000,215.45,215.45,215.45,215.45,1.2,1
1588330200,206.5,206.5,206.5,206.5,1.17191,1
1588331400,206.5,206.5,206.5,206.5,4.51574578,2
1588345800,203.84,203.84,203.84,203.84,0.01,1
1588346100,203.85,203.85,203.85,203.85,0.01,1
1588348800,203.27,205.43,202.98,205.43,11.08328716,6
1588603500,196.04,196.04,196.04,196.04,0.0515,2
1588617300,198.07,198.07,198.07,198.07,1.49950938,2
1588635000,198.07,198.07,198.07,198.07,0.6,1
1588662900,201.99,202.11,201.99,202.11,2.45,3
1588670700,201.0,201.0,201.0,201.0,1,2
1588673400,196.25,196.25,196.25,196.25,4.72674214,3
1588678500,197.0,197.0,197.0,197.0,0.36298528,1
1588694100,198.81,198.81,198.81,198.81,0.1,1
1588712400,198.81,198.81,198.81,198.81,0.1,1
1588713000,199.89,199.89,199.89,199.89,0.00745638,1
1588716000,198.3,198.3,198.3,198.3,0.09093242,1
1588719300,198.3,198.3,198.3,198.3,0.3,2
1588719900,196.56,199.88,196.56,199.88,0.40078295,3
1588736700,199.88,199.88,199.88,199.88,0.2,1
1588760400,202.0,202.0,202.0,202.0,0.07205279,3
1588772100,202.0,202.0,201.57,201.57,0.2,4
1588775400,202.0,202.0,202.0,202.0,0.2,3
1588782900,203.45,203.45,203.45,203.45,0.00493069,1
1588787700,201.4,201.4,200.0,200.0,2.23,4
1588795200,200.0,200.0,200.0,200.0,3.46213164,3
1588795500,200.0,200.91,200.0,200.0,2.8632819,4
1588798200,201.5,201.51,201.5,201.51,3,2
1588818900,202.0,202.0,202.0,202.0,0.5,1
1588874700,204.0,205.0,204.0,205.0,0.4,2
1588875600,206.65,206.65,206.65,206.65,0.987,2
1588886700,205.17,205.17,205.17,205.17,0.2,1
1588887000,204.0,204.0,204.0,204.0,0.2,2
1588893300,204.22,204.22,204.22,204.22,0.00221857,1
1588896300,203.32,203.32,203.32,203.32,0.1097,2
1588920900,203.0,203.0,203.0,203.0,0.2,1
1588947600,204.55,204.55,204.55,204.55,0.00022439,1
1588950300,205.3,205.3,205.3,205.3,0.03857915,1
1588950600,205.3,205.3,205.3,205.3,0.06142085,1
1588952400,203.93,203.93,203.93,203.93,1,1
1588953600,206.2,206.2,206.2,206.2,0.5,2
1588955400,207.63,207.63,207.63,207.63,0.04785997,3
1588957500,213.0,213.0,213.0,213.0,0.2,1
1588957800,212.0,212.0,212.0,212.0,0.23792,3
1588964400,212.0,212.0,212.0,212.0,0.2,1
1588970700,213.41,213.41,213.4,213.4,0.000006,3
1588974000,215.21,215.21,215.21,215.21,0.000004,2
1588979400,211.0,211.0,211.0,211.0,0.27223839,1
1588981200,211.0,211.0,211.0,211.0,0.00043554,1
1588982100,209.34,209.34,209.34,209.34,1,1
1589000400,214.0,214.0,214.0,214.0,0.1,1
1589002200,217.0,217.0,217.0,217.0,0.81015836,3
1589003100,219.11,219.17,219.11,219.17,2.41605586,4
1589005800,220.41,220.41,220.41,220.41,0.3,1
1589007000,220.02,220.02,220.02,220.02,1.47307516,1
1589007300,217.5,217.5,217.5,217.5,0.1,1
1589007600,217.5,217.5,217.5,217.5,0.1,1
1589009700,218.9,218.9,218.9,218.9,0.0999995,1
1589010300,218.0,218.0,218.0,218.0,0.3,2
1589010600,219.24,219.24,219.24,219.24,0.19635605,1
1589010900,216.85,216.85,216.8,216.8,2.98956395,3
1589012100,217.16,217.34,217.16,217.34,2.87318972,2
1589013000,218.87,218.87,218.87,218.87,0.41,1
1589017800,216.52,216.52,216.52,216.52,0.89635542,4
1589018400,217.98,217.98,217.98,217.98,1.43659486,1
1589020800,216.52,216.52,215.62,215.62,5.10368562,7
1589024700,215.94,215.94,215.94,215.94,0.02,1
1589040300,220.79,220.79,220.79,220.79,2.6486116,3
1589040600,222.66,222.66,222.66,222.66,1.5047382,1
1589040900,224.17,224.17,224.17,224.17,1.3057207,2
1589045100,221.74,221.9,198.01,221.9,0.08006605,6
1589045400,220.61,220.63,220.61,220.63,0.000008,4
1589051100,219.96,237.3,219.96,237.3,38.04158366,17
1589052600,220.63,220.63,220.63,220.63,0.85852423,1
1589054700,218.67,218.67,218.67,218.67,0.02,1
1589063700,211.98,211.98,211.98,211.98,0.4444,2
1589069700,203.64,203.64,194.19,194.19,4.04984805,18
1589070000,190.63,190.63,185.78,185.78,1.00027278,3
1589070900,188.82,189.75,188.82,189.75,12.79371951,10
1589071200,189.01,189.2,189.0,189.19,2.5834965,7
1589072100,187.53,187.54,187.53,187.54,3.60796706,3
1589102400,189.95,189.95,189.95,189.95,0.00004,1
1589109000,191.95,192.36,191.95,192.34,0.000006,3
1589109300,191.96,191.96,191.96,191.96,0.000002,1
1589109600,192.17,192.17,192.17,192.17,0.000002,1
1589109900,191.48,191.62,191.03,191.62,0.000008,4
1589110200,191.64,191.64,191.64,191.64,0.000002,1
1589110500,191.06,191.06,191.06,191.06,0.000002,1
1589110800,191.65,191.65,190.84,190.84,0.000008,4
1589112600,192.04,192.04,191.92,191.92,0.000008,4
1589113500,191.77,191.77,191.77,191.77,0.000002,1
1589113800,191.62,191.62,191.62,191.62,0.000002,1
1589116500,191.82,191.82,191.8,191.8,0.000004,2
1589116800,191.84,192.08,191.76,191.76,0.000006,3
1589117100,192.27,192.27,192.27,192.27,0.000002,1
1589117400,192.34,192.34,192.34,192.34,0.000002,1
1589117700,192.11,192.11,192.01,192.01,0.000006,3
1589118000,192.15,192.3,192.15,192.29,0.00001,5
1589118600,192.26,192.39,191.9,192.39,0.000018,9
1589118900,192.36,192.36,191.9,191.9,0.000006,3
1589119200,191.78,192.25,191.75,191.75,0.000012,6
1589119500,191.56,191.78,191.56,191.78,0.000004,2
1589119800,192.18,192.19,191.86,192.19,0.00001,5
1589120100,192.13,192.35,192.02,192.02,0.000012,6
1589120400,192.01,192.17,191.34,191.34,0.000018,9
1589120700,191.08,191.35,191.08,191.35,0.000004,2
1589121000,193.54,193.54,191.51,191.51,0.000004,2
1589121300,191.34,191.66,191.34,191.6,0.000012,6
1589121600,191.23,191.57,191.08,191.43,0.000012,6
1589121900,191.33,191.54,191.15,191.32,0.00001,5
1589122200,191.35,191.74,191.24,191.24,0.000012,6
1589122500,189.1,189.15,189.1,189.15,0.000004,2
1589122800,189.04,190.19,189.04,190.19,0.000008,4
1589123100,189.58,189.58,189.07,189.07,0.000006,3
1589123400,189.36,189.36,189.36,189.36,0.000002,1
1589123700,190.1,190.28,190.1,190.27,0.000006,3
1589124900,189.94,189.94,189.3,189.75,0.000014,7
1589125200,188.75,189.53,188.75,189.06,0.000018,9
1589125500,189.01,189.16,188.12,189.16,0.000016,8
1589125800,188.44,188.74,188.42,188.42,0.000018,9
1589126100,188.54,188.97,188.54,188.89,0.000006,3
1589126400,188.53,190.24,188.42,190.0,0.00002,10
1589126700,190.14,190.14,189.12,189.12,0.00001,5
1589127000,189.05,189.05,188.07,188.42,0.000018,9
1589127300,189.4,189.69,188.89,189.26,0.00001,5
1589127600,189.16,189.53,188.46,188.46,0.000012,6
1589127900,188.26,188.26,187.63,188.2,0.00001,5
1589128200,187.59,187.59,187.59,187.59,0.000002,1
1589129700,179.99,179.99,168.36,168.36,54.4893642,18
1589131500,186.56,186.56,186.56,186.56,0.6,1
1589133600,186.59,187.78,185.91,186.51,0.000018,9
1589133900,185.83,186.04,185.83,186.03,0.00001,5
1589134200,186.26,186.99,186.26,186.99,0.000006,3
1589134500,187.29,187.29,186.39,186.85,0.000016,8
1589134800,186.22,186.34,186.22,186.28,0.000008,4
1589135100,186.24,186.61,186.24,186.54,0.00002,10
1589135400,186.44,186.86,186.1,186.1,0.000022,11
1589135700,185.93,186.01,185.93,185.95,0.000008,4
1589136000,185.73,186.46,185.73,186.4,0.000014,7
1589136300,186.15,189.09,186.15,186.49,0.000018,9
1589136600,186.76,186.86,186.4,186.86,0.00001,5
1589136900,186.73,186.73,186.46,186.46,0.000008,4
1589137200,187.07,187.47,186.98,187.24,0.000012,6
1589137500,187.0,187.0,186.74,186.95,0.00001,5
1589137800,186.94,187.21,184.38,186.87,1.000016,13
1589138100,187.02,187.15,186.46,186.72,0.000016,8
1589138400,186.72,187.42,186.72,187.42,0.000016,8
1589138700,187.5,187.5,187.25,187.26,0.000008,4
1589139000,187.48,189.37,187.48,189.37,0.000004,2
1589139300,187.19,187.33,186.8,187.06,0.000012,6
1589139600,186.63,187.33,186.63,187.33,0.000008,4
1589139900,187.79,187.79,187.79,187.79,0.000002,1
1589140200,187.86,187.86,187.86,187.86,0.000002,1
1589140500,188.09,188.09,188.09,188.09,0.000002,1
1589141700,192.95,192.95,192.95,192.95,0.000002,1
1589142000,191.35,191.36,191.35,191.36,0.000006,3
1589142300,192.44,192.44,191.16,191.52,0.000028,14
1589142600,192.28,192.53,191.85,192.53,0.000014,7
1589142900,192.43,192.43,190.89,190.89,0.000022,11
1589143200,190.82,191.08,190.7,190.96,0.550018,10
1589143500,191.06,191.76,191.06,191.76,0.000008,4
1589143800,191.9,191.95,190.93,190.93,0.000012,6
1589144100,191.32,191.32,190.32,190.32,0.000008,4
1589144400,190.29,190.29,190.29,190.29,0.000002,1
1589145000,186.51,186.52,186.51,186.52,0.00001,5
1589145300,186.29,187.18,185.96,187.18,0.000036,18
1589145600,187.15,187.49,186.61,187.34,0.00002,10
1589145900,187.7,187.88,187.64,187.88,0.000008,4
1589146200,187.24,187.72,187.19,187.63,0.000016,8
1589146500,187.47,188.38,187.39,188.38,0.000012,6
1589146800,188.31,194.08,188.31,189.26,0.000022,11
1589147100,189.21,189.41,189.16,189.36,0.00001,5
1589147400,190.26,190.65,189.11,189.11,0.000012,6
1589147700,189.66,190.54,189.66,190.31,0.000012,6
1589148000,190.5,190.7,189.93,190.13,0.000018,9
1589148300,190.22,190.25,188.82,188.82,0.000016,8
1589148600,188.94,189.22,188.88,189.19,0.00001,5
1589148900,189.43,189.57,188.79,189.24,0.000022,11
1589149200,189.03,190.1,189.03,189.79,0.000016,8
1589149500,189.87,189.87,189.29,189.29,0.000018,9
1589149800,189.55,189.99,189.52,189.59,0.000014,7
1589150100,189.59,189.93,189.59,189.93,0.000006,3
1589150400,190.25,190.26,190.1,190.17,0.000012,6
1589150700,190.16,190.27,189.42,189.42,0.000012,6
1589151000,189.56,189.56,189.03,189.24,0.00001,5
1589151300,189.38,189.57,189.38,189.57,0.000008,4
1589151600,189.54,189.95,189.54,189.92,0.000008,4
1589151900,189.68,189.68,188.87,188.87,0.000008,4
1589152200,188.24,188.24,188.24,188.24,0.000004,2
1589152500,190.0,190.66,189.64,189.99,0.00001,5
1589153100,189.16,189.16,188.24,188.24,0.000006,3
1589153400,188.11,188.11,188.11,188.11,0.000002,1
1589154000,188.14,188.14,188.14,188.14,0.000002,1
1589180100,187.64,187.64,187.59,187.59,0.000004,2
1589180400,187.56,188.36,187.54,188.36,0.000014,7
1589180700,188.18,188.26,188.16,188.16,0.000008,4
1589181000,188.45,188.88,188.45,188.88,0.000006,3
1589181300,188.39,188.39,188.39,188.39,0.000002,1
1589190300,187.18,187.27,187.18,187.27,2.9735,3
1589198400,191.74,191.74,191.74,191.74,0.26512963,1
1589199300,193.63,200.81,193.63,200.81,5E+1,11
1589201100,190.0,190.0,190.0,190.0,1,1
1589202900,186.31,186.31,186.31,186.31,0.01,1
1589214900,185.03,185.03,185.0,185.0,1.01435899,4
1589215200,185.0,185.0,185.0,185.0,6E-8,1
1589219700,182.34,184.28,182.03,182.04,0.35460273,6
1589220600,182.0,182.0,182.0,182.0,0.01107342,1
1589220900,178.6,178.6,178.3,178.3,0.64598503,3
1589226600,188.39,188.39,188.39,188.39,2.95855953,2
1589241300,191.52,191.52,191.52,191.52,1.54091653,2
1589280600,187.87,199.96,187.87,199.96,0.22669634,2
1589295000,192.4,192.4,192.4,192.4,1,1
1589406600,198.73,203.59,198.73,203.59,25,15
1589448000,199.7,202.27,199.7,202.27,2E+1,6
1589451000,200.3,200.31,200.3,200.31,12.01873431,8
1589466300,197.75,197.75,197.75,197.75,0.04779514,1
1589473800,198.0,198.0,198.0,198.0,1,3
1589474100,195.05,195.05,193.88,193.88,6.52,5
1589541300,198.0,198.0,198.0,198.0,1.88156,2
1589563200,197.0,197.0,197.0,197.0,1,2
1589568000,197.26,197.26,195.21,195.21,2,2
1589568300,198.06,198.06,198.06,198.06,0.12,1
1589626800,198.06,198.06,198.06,198.06,0.025361,1
1589628000,198.01,205.84,198.01,198.38,49.000012,19
1589628300,198.35,198.76,198.35,198.76,0.000004,2
1589705400,195.22,195.22,195.22,195.22,0.6,2
1589735400,199.29,199.29,198.02,198.02,4.9927203,6
1589737800,199.29,199.29,199.29,199.29,1.03576,3
1589739300,199.31,199.31,199.3,199.3,2.21027,3
1589767800,210.0,210.0,210.0,210.0,5,4
1589775600,207.91,207.91,207.91,207.91,0.32200868,3
1589815800,200.52,202.0,200.52,202.0,1.73122202,2
1589819700,200.0,200.0,200.0,200.0,0.004047,1
1589876700,204.29,204.29,204.29,204.29,0.07,1
1589914500,199.2,199.2,199.2,199.2,0.08538,3
1589916900,198.52,198.52,198.52,198.52,0.85852422,3
1590000900,197.26,197.27,197.26,197.27,2,2
1590072000,185.5,185.5,185.0,185.0,4.22108,4
1590073500,184.45,184.45,184.45,184.45,0.000002,1
1590073800,185.0,188.17,185.0,188.17,0.00000401,2
1590085200,182.1,182.1,182.1,182.1,0.000006,3
1590085500,185.89,210.0,185.89,210.0,1E+1,9
1590129300,186.92,186.92,186.92,186.92,0.01452,2
1590159300,193.78,193.78,193.78,193.78,0.0058,1
1590163500,191.04,194.0,191.04,194.0,4.02541276,5
1590164100,191.72,191.72,191.72,191.72,0.000002,1
1590166500,193.99,193.99,193.99,193.99,1.46920769,1
1590166800,193.99,193.99,193.99,193.99,0.07018248,1
1590171600,192.0,192.0,191.19,191.19,0.000004,2
1590172500,192.02,192.02,192.02,192.02,0.000002,1
1590173700,190.96,190.96,190.96,190.96,0.000002,1
1590174300,190.94,190.94,190.94,190.94,0.000002,1
1590174900,191.78,191.78,191.78,191.78,0.000002,1
1590176100,190.11,190.11,190.11,190.11,0.0009,1
1590178500,193.08,193.08,193.08,193.08,0.00088,1
1590180300,193.99,194.0,193.99,194.0,3.61638279,4
1590181200,192.56,192.56,192.56,192.56,0.000002,1
1590182700,191.8,192.58,191.8,192.58,0.000006,3
1590185400,192.28,192.28,192.28,192.28,0.000002,1
1590186300,192.32,192.32,192.32,192.32,0.000002,1
1590187200,191.66,191.66,191.66,191.66,0.000002,1
1590188100,192.2,195.36,192.2,195.36,0.005154,3
1590188400,193.19,193.19,193.19,193.19,0.000002,1
1590188700,191.79,191.79,191.65,191.65,0.000004,2
1590189000,191.65,191.65,191.65,191.65,0.000002,1
1590189600,191.25,191.25,191.25,191.25,0.000002,1
1590227700,193.32,193.32,193.32,193.32,0.000002,1
1590328200,191.75,191.75,190.38,190.38,0.3920725,3
1590388800,188.29,188.29,188.29,188.29,1,1
1590393000,187.28,187.28,187.28,187.28,0.000002,1
1590401400,189.82,189.82,189.82,189.82,0.00005,1
1590459300,186.74,186.74,186.74,186.74,0.00551,2
1590492600,186.37,190.32,186.37,190.32,26,7
1590499800,185.43,185.44,185.43,185.44,2.5,2
1590501300,185.39,189.69,185.39,189.69,25,10
1590507300,184.24,184.24,184.24,184.24,0.07220182,1
1590584400,191.34,198.55,191.34,198.55,4E+1,9
1590630600,187.75,187.75,187.75,187.75,0.4295451,3
1590703200,190.07,190.07,190.07,190.07,0.2,1
1590738600,195.2,195.2,195.2,195.2,0.75648566,1
1590781200,194.0,194.0,194.0,194.0,0.000002,1
1590784200,193.72,193.72,193.72,193.72,0.000002,1
1590784500,194.39,194.39,193.77,193.77,0.000004,2
1590789600,193.06,193.06,193.06,193.06,0.000002,1
1590791400,191.64,194.09,191.64,192.12,0.000006,3
1590791700,192.24,192.24,192.24,192.24,0.000002,1
1590792300,191.96,191.96,191.96,191.96,0.000002,1
1590792600,192.02,192.02,192.02,192.02,0.000002,1
1590795300,194.3,194.3,194.3,194.3,0.000002,1
1590796200,194.07,194.07,194.07,194.07,0.000002,1
1590796500,194.01,194.01,194.01,194.01,0.000002,1
1590822300,195.58,195.58,195.58,195.58,0.000002,1
1590822900,197.15,197.15,197.15,197.15,0.000002,1
1590823200,195.55,195.55,195.55,195.55,0.000002,1
1590826200,195.35,195.35,195.35,195.35,0.000002,1
1590826500,195.16,195.16,195.16,195.16,0.000002,1
1590836700,198.06,198.06,198.06,198.06,0.000002,1
1590837000,198.47,198.47,198.47,198.47,0.000002,1
1590838500,199.58,199.83,199.58,199.83,0.000004,2
1590838800,197.17,197.9,197.17,197.9,0.000006,3
1590840600,199.09,199.09,199.09,199.09,0.000002,1
1590841200,198.49,198.49,198.49,198.49,0.000002,1
1590843000,196.98,196.98,196.98,196.98,0.000002,1
1590843600,196.95,196.95,196.47,196.47,0.000004,2
1590845100,197.31,197.68,197.31,197.68,0.000004,2
1590845400,199.16,199.16,199.16,199.16,0.000002,1
1590847200,199.75,200.01,199.75,200.01,0.065802,2
1590848100,198.98,198.98,198.98,198.98,0.000002,1
1590849000,199.7,199.78,199.7,199.78,0.000004,2
1590859200,201.87,201.87,201.87,201.87,0.23740724,1
1590869400,197.95,197.95,197.95,197.95,0.000002,1
1590869700,199.51,199.51,199.51,199.51,0.000002,1
1590873000,198.22,198.22,198.22,198.22,0.000002,1
1590873300,197.77,197.77,197.5,197.5,0.000004,2
1590877500,201.47,201.47,201.47,201.47,0.000002,1
1590878400,203.05,204.47,203.05,204.47,5,6
1590909600,200.72,200.72,200.72,200.72,0.000002,1
1590911100,200.93,200.93,200.93,200.93,0.000002,1
1590921900,202.94,202.94,202.92,202.92,0.000004,2
1590922200,202.69,202.69,202.41,202.41,0.000004,2
1590922500,203.38,203.38,203.38,203.38,0.000002,1
1590928800,202.68,202.68,202.68,202.68,0.000002,1
1590934800,201.74,201.74,201.74,201.74,0.01006,1
1590936300,201.08,201.08,198.8,198.8,0.000006,3
1590936900,199.45,199.45,197.86,198.75,0.000006,3
1590937200,197.42,197.42,197.42,197.42,0.000002,1
1590937500,198.15,198.15,198.15,198.15,0.000002,1
1590942600,198.17,198.17,198.17,198.17,0.44999999,3
1590953700,200.03,200.03,200.03,200.03,0.000002,1
1590954300,201.06,201.06,200.8,200.8,0.000004,2
1590955200,200.27,200.51,200.27,200.51,0.000004,2
1590955500,199.88,199.88,199.88,199.88,0.000002,1
1590955800,198.79,198.79,196.92,198.49,0.635,3
1590956400,199.92,199.92,199.92,199.92,0.000002,1
1590956700,200.04,200.04,199.51,199.51,0.000004,2
1590957900,199.39,199.39,199.34,199.34,0.000004,2
1590958800,199.21,199.21,199.21,199.21,0.000002,1
1590959100,201.55,201.55,201.23,201.23,0.000004,2
1590959700,197.46,197.46,197.46,197.46,0.000002,1
1590961800,197.55,197.55,197.55,197.55,0.000002,1
1590962700,197.9,197.9,197.9,197.9,0.000002,1
1590963000,197.19,197.19,197.19,197.19,0.000002,1
1590963900,197.34,197.34,197.27,197.27,0.000004,2
1590964800,196.32,196.54,195.43,195.43,0.00001,5
1590965100,195.7,195.7,195.7,195.7,0.000004,2
1590966000,196.22,196.22,196.22,196.22,0.000002,1
1590966300,194.32,194.35,194.32,194.35,0.000004,2
1590966600,194.59,194.59,194.0,194.06,0.00001,5
1590966900,194.56,194.56,194.56,194.56,0.000002,1
1590967500,194.22,194.22,193.71,193.71,0.000006,3
1590967800,194.36,194.36,194.36,194.36,0.000002,1
1590968100,193.35,193.35,193.35,193.35,0.000002,1
1590968400,193.05,193.49,193.05,193.49,0.000004,2
1590969000,194.33,194.33,194.33,194.33,0.000002,1
1590969600,194.17,194.17,194.17,194.17,0.000002,1
1590971400,194.79,194.79,194.79,194.79,0.000002,1
1590972000,194.77,194.77,194.77,194.77,0.000002,1
1590972300,194.48,194.48,194.48,194.48,0.000002,1
1591005000,195.94,195.94,195.94,195.94,0.4057191,1
1591009200,195.5,195.5,195.5,195.5,1,3
1591014000,195.16,195.16,195.16,195.16,0.5407231,3
1591016100,196.74,196.74,196.74,196.74,0.0001,1
1591025700,194.51,194.51,194.51,194.51,0.0001,2
1591027200,195.71,195.71,195.71,195.71,0.00331664,1
1591039500,196.69,196.69,196.69,196.69,0.000002,1
1591040400,196.81,197.27,196.81,197.27,1.90809779,4
1591043100,194.51,194.53,194.51,194.53,0.000004,2
1591046700,198.17,198.56,198.17,198.56,0.000004,2
1591048800,197.97,197.97,197.97,197.97,0.000002,1
1591049400,198.21,198.21,198.16,198.16,0.000006,3
1591049700,197.93,197.93,197.93,197.93,0.000002,1
1591051500,197.93,198.76,197.93,198.76,0.000004,2
1591052400,199.42,200.11,199.26,200.1,0.000012,6
1591052700,200.78,201.6,200.1,200.1,0.000008,4
1591053000,201.62,201.62,200.66,200.66,0.000004,2
1591054800,203.49,203.49,203.49,203.49,0.000002,1
1591055100,203.5,203.5,203.5,203.5,1.47478185,2
1591056000,203.0,203.0,203.0,203.0,0.52521815,3
1591061100,204.0,205.0,204.0,205.0,1.01006,6
1591068300,210.0,210.0,210.0,210.0,2.005,3
1591068900,207.64,207.64,205.34,205.34,15,6
1591070100,208.5,208.5,205.93,205.93,7,4
1591081500,210.51,210.51,210.51,210.51,0.000002,1
1591082700,209.35,209.35,209.35,209.35,0.000002,1
1591085700,210.02,210.02,210.02,210.02,0.000002,1
1591087800,210.32,210.32,210.32,210.32,0.01041,1
1591090800,211.4,211.4,211.4,211.4,0.000002,1
1591091100,211.38,211.38,211.38,211.38,0.000002,1
1591095600,215.8,215.8,214.41,215.32,0.04637022,4
1591096800,215.71,216.54,215.71,216.54,6.8,4
1591097100,214.59,215.74,214.59,215.74,0.02330224,2
1591099500,215.48,215.48,215.48,215.48,0.1,1
1591100100,214.65,214.65,214.65,214.65,0.000002,1
1591100400,214.51,214.59,214.51,214.59,0.000004,2
1591101000,213.44,213.44,213.44,213.44,0.000002,1
1591101900,212.26,212.26,212.26,212.26,0.000002,1
1591108200,213.37,214.47,213.37,214.47,4.9283583,4
1591109100,210.54,210.54,200.48,200.48,18.75857602,30
1591109400,200.45,200.45,196.91,196.91,0.50085547,4
1591111500,195.87,195.87,188.83,189.04,0.82419219,6
1591112700,198.46,198.46,198.46,198.46,0.08001864,1
1591114500,199.5,199.5,199.5,199.5,0.5,1
1591131900,206.19,206.19,206.19,206.19,0.000004,2
1591132200,207.38,207.38,207.38,207.38,0.000004,2
1591164000,200.14,200.14,200.14,200.14,0.1,1
1591177500,203.05,203.05,203.05,203.05,0.000002,1
1591177800,202.42,202.42,202.42,202.42,0.000002,1
1591178700,200.69,200.7,200.69,200.7,3,2
1591182600,200.56,200.63,200.56,200.63,5,3
1591195500,200.5,201.5,200.5,201.5,1E+1,4
1591203300,201.04,201.04,201.04,201.04,0.5,1
1591207500,199.36,199.36,199.36,199.36,0.02583559,1
1591207800,199.36,199.36,199.36,199.36,0.02416441,1
1591281600,203.95,203.95,203.95,203.95,1.21609216,1
1591302600,203.75,203.75,203.75,203.75,0.1,1
1591557600,195.9,195.9,195.9,195.9,0.16078696,2
1591559400,198.29,198.29,198.29,198.29,0.00014675,1
1591654500,200.5,200.5,200.5,200.5,7.7395136,3
1591661400,202.86,203.0,202.86,203.0,2E+1,5
1591701300,201.01,201.01,201.01,201.01,1,1
1591729500,199.27,199.27,199.27,199.27,0.1673162,1
1591730400,199.0,199.0,199.0,199.0,1,2
1591734000,199.27,200.28,199.27,200.28,1,2
1591845300,206.68,206.68,197.58,197.58,2.7,9
1591845600,206.65,206.65,197.51,198.04,16.06,17
1591845900,206.45,206.46,199.54,205.78,24.66,29
1591846200,200.78,205.43,200.77,201.2,32.3,52
1591847700,201.12,201.12,201.12,201.12,0.48894014,3
1591866900,198.6,198.6,198.6,198.6,0.0392,3
1591881300,198.9,198.9,196.7,196.7,10.87666521,20
1591884600,202.78,210.97,202.78,202.95,6.53726616,11
1591894800,185.0,185.0,185.0,185.0,6.74055406,3
1591908000,192.95,192.95,192.95,192.95,1.1,1
1591940100,190.09,190.09,190.09,190.09,1,1
1591941000,190.0,190.0,190.0,190.0,1,1
1591941300,190.0,190.0,190.0,190.0,1.69214158,1
1591945500,189.7,189.7,189.7,189.7,0.21587905,1
1591946700,190.2,190.6,190.2,190.6,0.93200332,4
1591947300,191.69,191.69,191.69,191.69,0.0000136,1
1591962900,191.7,191.8,191.7,191.8,0.43565573,2
1591971000,193.0,198.97,193.0,198.97,0.04721786,3
1591972500,198.97,198.97,198.97,198.97,0.006,1
1591977000,198.79,198.79,198.79,198.79,0.03,1
1591982700,198.75,198.75,198.75,198.75,1,1
1592165400,197.99,197.99,197.99,197.99,0.22530798,1
1592170800,190.0,190.0,190.0,190.0,0.00114,1
1592195400,192.85,192.85,192.85,192.85,0.5,1
1592199900,184.3,184.3,182.9,182.9,1.10293544,12
1592200200,182.9,182.9,181.9,181.9,0.89866938,7
1592211300,183.2,183.2,183.2,183.2,0.00073732,1
1592225100,185.46,185.46,185.46,185.46,0.00021922,1
1592226600,182.23,182.23,182.23,182.23,1.28224404,1
1592229300,184.25,184.25,184.25,184.25,0.00005406,1
1592229600,184.29,184.29,184.29,184.29,0.0000901,1
1592229900,184.29,184.29,184.29,184.29,0.0000901,1
1592231400,184.29,184.29,184.29,184.29,0.00021022,1
1592232000,181.43,181.43,181.36,181.36,0.001649,2
1592232300,195.78,195.78,181.26,181.26,0.00082152,2
1592250000,183.6,183.6,183.6,183.6,0.2691,3
1592309700,186.0,186.0,186.0,186.0,5.143,3
1592376000,190.0,190.0,190.0,190.0,0.001,1
1592410500,190.5,190.5,190.5,190.5,2,2
1592422200,188.14,194.46,188.06,191.79,3.51989172,36
1592422500,188.51,192.13,188.51,191.44,8.382,71
1592437500,195.87,195.87,195.87,195.87,0.03686,1
1592512500,189.4,189.4,189.2,189.2,0.05871241,2
1592514900,188.7,188.7,188.3,188.3,0.06287926,3
1592516400,188.13,188.13,188.13,188.13,0.06,3
1592530500,189.4,189.4,189.4,189.4,0.01974755,1
1592531100,188.6,188.6,188.6,188.6,0.02412455,1
1592534700,188.1,188.1,188.1,188.1,0.01930709,1
1592535000,188.1,188.1,188.1,188.1,0.01928803,1
1592538300,186.2,186.2,186.2,186.2,0.02790974,1
1592547300,187.4,187.4,187.4,187.4,0.10465421,1
1592552700,187.64,187.64,187.64,187.64,0.01,1
1592554200,187.9,187.9,187.9,187.9,0.05836934,1
1592557200,188.6,188.6,188.6,188.6,0.10046157,1
1592558100,189.5,189.5,189.5,189.5,0.18276296,1
1592561700,189.5,189.5,189.5,189.5,0.07103746,1
1592562000,189.5,189.5,189.5,189.5,0.02723003,1
1592571000,189.61,189.61,189.61,189.61,1.5846527,1
1592651700,187.0,187.0,187.0,187.0,0.0019,1
1592842800,190.1,190.1,190.1,190.1,0.04405799,1
1592859900,195.0,195.0,195.0,195.0,0.0019,1
1592911200,193.89,193.9,193.89,193.9,5,2
1592925300,192.8,192.8,192.8,192.8,0.10043258,1
1592926500,193.1,193.1,193.1,193.1,0.10586136,1
1592952300,192.8,192.8,192.8,192.8,0.02151194,1
1592982900,197.03,197.03,193.62,193.62,1.5117,4
1592988600,189.71,189.71,189.71,189.71,0.00724519,1
1593009300,188.0,188.0,188.0,188.0,0.00115,1
1593026100,188.52,188.52,187.82,187.87,0.34,32
1593033300,187.5,187.5,182.07,182.07,21.586,31
1593036600,187.2,187.2,187.2,187.2,0.1034059,1
1593054600,185.91,185.91,185.91,185.91,3.74528064,5
1593077400,186.98,187.1,186.98,187.1,0.000004,2
1593077700,187.1,187.3,187.1,187.3,0.000004,2
1593081300,187.12,187.39,187.12,187.39,0.000006,3
1593081600,187.04,187.04,187.04,187.04,0.000002,1
1593084900,189.21,189.95,187.88,188.36,0.510042,30
1593099000,186.86,186.86,186.86,186.86,0.1341,2
1593114000,187.79,187.79,187.79,187.79,0.74695998,1
1593119700,187.8,187.8,187.8,187.8,0.10349875,1
1593142500,187.53,187.53,187.53,187.53,0.27306138,1
1593161400,186.48,186.48,186.48,186.48,0.05,1
1593195300,187.09,187.09,187.09,187.09,1.08175209,1
1593237600,187.2,187.66,187.2,187.66,1.5,6
1593254700,186.19,186.19,186.19,186.19,1.6524201,1
1593255000,186.19,186.19,186.19,186.19,0.41168489,1
1593263100,186.19,186.19,186.19,186.19,1.05086,3
1593263700,186.19,186.19,186.19,186.19,0.1599808,1
1593267000,185.6,185.6,185.6,185.6,0.0208362,1
1593267300,185.39,186.2,185.39,186.2,1.23139092,6
1593270600,186.1,186.1,186.0,186.0,0.19695529,2
1593271800,185.2,185.2,184.2,184.2,0.17170242,7
1593275100,184.23,184.23,184.23,184.23,0.07599196,1
1593282300,183.6,183.6,183.21,183.21,0.177,3
1593286200,183.5,183.5,183.5,183.5,0.0206112,1
1593286800,183.0,183.0,181.8,181.8,0.05735612,3
1593287100,181.6,181.6,175.5,175.5,9.74573018,36
1593287400,170.02,170.02,169.7,169.7,8.31987712,8
1593288600,173.56,179.9,173.56,179.9,42,10
1593294600,174.69,174.7,174.69,174.7,1.39171669,2
1593294900,176.19,177.0,176.19,177.0,2.46396767,8
1593295800,176.34,176.34,176.22,176.25,5.63726009,11
1593296400,176.0,176.0,176.0,176.0,0.23601911,2
1593300900,175.99,175.99,175.99,175.99,0.80183736,1
1593301200,176.0,176.0,176.0,176.0,0.09521245,1
1593304200,175.44,177.56,175.44,177.56,15.49547458,5
1593324900,174.9,174.9,174.9,174.9,0.10044708,2
1593326100,175.69,175.7,175.69,175.7,1.78481711,3
1593333900,176.0,176.6,176.0,176.6,1.21418407,7
1593336000,177.2,177.2,177.2,177.2,0.08816954,1
1593342300,177.43,177.43,177.43,177.43,0.00071,2
1593353100,178.29,178.3,178.29,178.3,1.12753455,3
1593353400,178.99,179.8,178.99,179.8,1.59897569,8
1593363600,181.8,181.8,181.8,181.8,0.02735265,1
1593364500,182.57,182.59,182.57,182.59,2.74944903,3
1593365400,181.89,181.89,181.89,181.89,1.11310462,1
1593366300,181.89,181.9,181.89,181.9,2.73241031,3
1593374100,181.6,181.6,181.6,181.6,0.02736021,1
1593387900,180.3,180.3,180.3,180.3,0.04823992,1
1593388200,180.49,180.49,180.49,180.49,0.7816839,1
1593441600,180.18,180.18,180.18,180.18,2.41293973,4
1593441900,180.19,180.19,180.19,180.19,0.09361396,1
1593442200,180.18,180.18,180.18,180.18,1.95391336,3
1593443700,180.18,180.18,180.18,180.18,2.77902716,9
1593444000,180.18,180.4,180.18,180.4,1.53297788,3
1593445200,181.19,181.19,181.19,181.19,0.12020742,2
1593445500,181.19,181.19,181.19,181.19,0.25226383,2
1593446400,181.19,181.19,181.19,181.19,0.19317764,1
1593446700,181.19,181.19,181.19,181.19,0.504333,2
1593447000,181.2,181.39,181.2,181.39,0.84639311,2
1593459900,181.4,181.4,181.4,181.4,0.03980048,1
1593464400,182.0,182.0,182.0,182.0,0.03925221,1
1593492900,182.4,182.4,182.2,182.2,0.04631599,3
1593499500,182.7,182.7,182.7,182.7,0.03951823,1
1593507900,182.8,182.8,182.8,182.8,0.03961362,1
1593520200,181.55,181.55,180.9,180.9,1.08876654,7
1593522600,180.4,180.4,180.4,180.4,0.02250564,1
1593537600,180.2,180.2,179.4,179.4,0.12862565,6
1593543900,179.2,179.2,179.2,179.2,0.17079799,1
1593574200,180.6,181.99,180.4,180.4,3.48660399,20
1593574500,180.4,180.4,180.4,180.4,0.00000533,1
1593577500,181.4,181.4,181.4,181.4,0.03246891,1
1593581400,181.8,181.8,181.8,181.8,0.03229692,1
1593582600,181.8,181.97,181.8,181.97,1.73422752,2
1593583200,180.0,180.0,179.8,179.8,0.04330135,2
1593592800,181.3,181.3,181.3,181.3,0.03647296,1
1593599100,181.12,181.12,181.12,181.12,0.18230127,1
1593610800,181.3,181.3,181.3,181.3,0.03618647,1
1593611100,181.65,182.5,181.65,182.5,4.81935252,10
1593611400,182.1,182.1,182.1,182.1,0.10665727,2
1593611700,181.99,181.99,181.8,181.8,1.99977163,3
1593615300,181.66,181.66,181.66,181.66,0.44795495,1
1593620400,181.41,181.41,181.4,181.4,3.87749,4
1593627900,180.66,180.66,180.65,180.65,1.49401,3
1593633300,180.5,180.5,179.7,179.7,1.49185242,7
1593634800,179.79,180.2,179.79,180.2,0.40358215,4
1593648300,181.34,181.34,181.34,181.34,0.16701577,1
1593658800,180.06,180.06,180.06,180.06,0.49,1
1593673800,179.8,179.8,179.8,179.8,0.03531045,1
1593674100,181.34,181.34,181.34,181.34,0.00076128,1
1593675300,180.06,186.06,179.86,185.39,63.75076165,49
1593693000,179.3,179.3,179.3,179.3,0.035372,1
1593694500,179.6,179.6,179.6,179.6,0.03499698,1
1593702300,177.23,177.23,177.23,177.23,0.30834565,1
1593721800,175.9,175.9,175.9,175.9,0.03848565,1
1593726900,177.4,178.0,177.4,178.0,0.17286452,5
1593739500,177.0,177.0,177.0,177.0,0.03752781,1
1593752400,177.2,177.2,177.2,177.2,0.03684182,1
1593756000,178.2,178.8,178.2,178.8,1.51605649,7
1593772500,178.0,178.0,178.0,178.0,1,1
1593779100,179.35,179.36,179.35,179.36,1,2
1593798300,177.8,177.8,177.8,177.8,0.000077,1
1593808200,178.91,178.94,178.91,178.94,5,3
1593817200,177.79,177.79,177.6,177.6,0.80353613,5
1593828300,178.4,178.4,178.4,178.4,0.03067858,1
1593828900,179.0,179.0,179.0,179.0,0.0303557,1
1593877200,178.44,178.44,178.44,178.44,0.1,1
1593880800,175.66,175.66,175.66,175.66,0.0104753,1
1593883800,178.1,178.9,178.1,178.9,0.07940201,2
1593884100,179.1,179.5,179.1,179.5,0.93742793,5
1593884400,179.7,180.9,179.7,180.9,0.46091901,11
1593884700,181.1,181.1,181.1,181.1,0.07745554,1
1593888300,181.0,181.0,181.0,181.0,0.14176511,1
1593927600,179.25,179.25,179.25,179.25,0.65381105,1
1593928200,179.2,179.2,179.0,179.0,0.04230495,2
1593943200,177.7,177.7,177.7,177.7,0.0205964,1
1593951000,176.7,176.79,176.3,176.79,0.37250948,4
1593952800,176.7,176.79,176.7,176.79,0.14173275,3
1593953400,176.79,176.79,176.79,176.79,0.43411617,1
1593969000,176.5,176.5,176.5,176.5,0.04199879,1
1593983700,175.5,175.5,174.9,174.9,0.09298344,4
1593984900,175.6,175.6,175.6,175.6,0.43007547,3
1593998100,178.7,178.7,178.7,178.7,0.05180903,1
1594015200,180.2,180.2,180.2,180.2,0.05086626,1
1594015800,181.85,181.85,181.85,181.85,0.05109949,1
1594018800,183.99,183.99,183.99,183.99,0.75911232,1
1594023300,182.24,182.24,182.24,182.24,0.16777704,3
1594036500,184.2,184.2,184.2,184.2,0.04919854,1
1594038900,185.0,185.8,185.0,185.8,0.17025977,4
1594050300,190.0,190.0,190.0,190.0,0.00115,1
1594050900,191.54,192.0,191.54,192.0,6.69753033,9
1594053600,192.71,192.71,192.71,192.71,0.41752879,1
1594056000,191.3,191.3,191.3,191.3,0.02409382,1
1594061100,190.64,190.64,190.1,190.1,1.97988589,7
1594061400,190.0,190.0,190.0,190.0,0.02011411,1
1594064100,189.99,189.99,189.18,189.18,3,3
1594070100,191.5,191.5,191.5,191.5,0.03407879,1
1594071900,192.14,192.15,192.14,192.15,1.0216981,3
1594072200,192.5,193.19,192.5,193.19,0.53528686,6
1594076400,192.56,192.56,190.71,190.71,3,13
1594077300,193.7,194.2,193.7,194.2,0.82363654,5
1594081800,194.5,194.5,194.5,194.5,0.08498233,1
1594086900,192.64,192.68,192.64,192.68,4.71681687,3
1594087200,192.1,192.1,192.1,192.1,0.023886,1
1594088100,191.2,191.4,191.2,191.4,0.34956146,2
1594091100,192.0,192.0,192.0,192.0,0.03038412,1
1594096200,191.25,191.25,191.25,191.25,0.04771,2
1594102200,191.8,191.8,191.8,191.8,0.73637046,6
1594102500,190.9,190.9,190.1,190.1,0.1754641,9
1594111500,190.46,190.46,190.45,190.45,2.19813,3
1594125000,189.5,189.5,189.5,189.5,0.02306425,1
1594132500,190.1,190.1,190.1,190.1,0.03060695,1
1594133400,190.0,190.0,190.0,190.0,0.03062306,1
1594134600,189.3,189.3,189.3,189.3,0.02208787,1
1594137900,189.7,189.7,189.7,189.7,0.03059974,1
1594138800,190.4,190.49,190.4,190.49,0.5,2
1594152000,188.5,188.5,188.3,188.3,0.04525274,2
1594171500,189.8,189.8,189.8,189.8,0.03145507,1
1594173300,190.8,190.9,190.8,190.9,0.06498981,2
1594173600,191.5,191.5,191.5,191.5,0.04184275,1
1594180500,193.6,193.6,193.6,193.6,0.03091665,1
1594180800,194.3,194.3,194.3,194.3,0.03059114,1
1594182900,192.4,192.4,192.4,192.4,0.02079749,1
1594193100,192.7,192.7,192.7,192.7,0.03106124,1
1594202700,193.6,193.6,193.6,193.6,0.03101051,1
1594205400,194.5,194.5,194.5,194.5,0.03079633,1
1594206000,195.11,195.12,195.11,195.12,1.23264465,4
1594208700,193.81,193.81,193.8,193.8,2.232,4
1594212000,193.4,193.4,193.4,193.4,0.02234769,1
1594213200,193.62,193.66,193.62,193.66,3,2
1594214700,192.73,192.73,192.73,192.73,0.09581504,1
1594215900,194.29,194.29,194.29,194.29,0.711,1
1594216200,194.3,195.1,194.3,195.1,0.45973957,11
1594223100,194.5,194.5,194.5,194.5,0.09568035,1
1594224300,193.6,193.6,193.6,193.6,0.02106813,1
1594246200,194.26,196.34,194.26,195.01,12.41179592,17
1594246500,193.15,193.15,193.15,193.15,0.24085719,1
1594247100,194.75,194.75,194.75,194.75,0.0689126,1
1594247400,194.72,194.72,194.72,194.72,0.67,1
1594247700,194.5,194.5,194.5,194.5,0.13641231,1
1594253100,193.1,193.1,193.1,193.1,0.0210168,1
1594262700,190.3,190.3,190.3,190.3,0.02119378,1
1594268700,191.3,191.3,191.3,191.3,0.02608906,1
1594272300,192.0,192.0,192.0,192.0,0.02598952,1
1594275000,192.2,192.39,192.2,192.39,0.71650047,2
1594276500,193.3,193.4,193.3,193.4,0.23214787,3
1594279200,193.39,193.39,193.39,193.39,1.59905798,1
1594283100,193.39,193.39,193.3,193.3,0.03516879,2
1594297500,193.6,193.6,193.6,193.6,0.02425926,1
1594327200,188.0,188.0,188.0,188.0,0.03298685,1
1594354200,189.44,189.44,189.44,189.44,0.03,1
1594370100,188.9,189.6,188.9,189.6,1.56638687,6
1594370700,189.8,189.8,189.8,189.8,0.04180633,1
1594371600,189.7,189.7,189.7,189.7,0.04182837,1
1594413000,189.03,189.03,189.03,189.03,0.0023,1
1594483500,188.03,188.04,188.03,188.04,1.96772553,2
1594496400,186.09,186.09,186.09,186.09,0.0236,2
1594509300,188.1,188.1,188.1,188.1,0.02868741,1
1594515600,189.2,189.2,189.2,189.2,0.02854019,1
1594560600,187.1,187.1,186.9,186.9,0.05045782,2
1594560900,187.79,187.79,186.5,186.5,0.05619392,3
1594561200,186.3,186.3,185.1,185.1,0.24213184,8
1594591200,187.7,187.9,187.7,187.9,0.07414805,2
1594602300,187.86,187.86,187.86,187.86,0.08451131,2
1594612200,186.55,186.55,186.55,186.55,0.5,1
1594614300,186.24,186.24,186.24,186.24,0.2,1
1594626000,188.77,188.77,188.77,188.77,0.39075511,1
1594633800,187.2,188.28,187.04,188.28,0.00002,10
1594634400,186.98,188.41,186.98,187.19,0.000016,8
1594634700,186.4,186.62,186.4,186.62,0.000004,2
1594635000,186.47,188.58,186.25,186.71,0.0000163,9
1594635600,186.93,186.93,186.93,186.93,0.000002,1
1594635900,186.62,187.56,186.51,187.56,0.000016,8
1594636200,187.75,189.04,187.75,189.04,0.33995864,2
1594636500,187.88,189.11,187.88,189.11,0.00002,10
1594636800,187.93,188.35,186.72,188.35,0.000018,9
1594637100,187.08,188.97,187.08,188.97,0.000004,2
1594637400,187.33,187.33,187.33,187.33,0.000002,1
1594637700,186.77,188.8,186.54,188.8,0.00001601,8
1594638000,187.01,188.99,187.01,188.99,0.000006,3
1594638300,188.83,188.83,188.83,188.83,0.000002,1
1594639200,186.96,188.47,186.96,188.47,0.000018,9
1594639500,186.77,186.77,186.77,186.77,0.000002,1
1594644000,187.19,189.07,187.19,188.89,0.000008,4
1594644300,188.87,188.87,188.31,188.85,0.000006,3
1594644600,188.47,188.47,188.47,188.47,0.000002,1
1594644900,188.48,189.49,188.48,189.4,0.000012,6
1594645800,187.06,189.43,187.06,187.11,0.000008,4
1594646100,187.59,187.59,187.59,187.59,0.000002,1
1594646400,187.06,189.25,187.06,187.57,0.00001,5
1594646700,189.41,189.41,189.18,189.18,0.000006,3
1594647000,189.15,189.15,189.15,189.15,0.000002,1
1594649700,187.12,188.31,187.12,187.35,0.000014,7
1594650600,187.06,188.12,186.61,187.13,0.00002,10
1594651200,188.78,189.03,188.76,188.76,0.000018,9
1594651800,187.1,187.78,186.74,186.75,0.000016,8
1594652100,187.79,187.86,187.79,187.86,0.000004,2
1594652700,188.61,188.82,188.5,188.5,0.000016,8
1594653000,189.18,189.18,189.01,189.01,0.000004,2
1594653600,187.36,187.76,186.94,186.94,0.00002,10
1594654800,186.7,186.7,186.63,186.63,0.000006,3
1594655100,186.61,187.57,186.61,187.57,0.000014,7
1594656300,188.24,188.24,188.24,188.24,0.000002,1
1594656900,186.8,186.82,186.8,186.82,0.00002,10
1594657500,186.64,186.65,186.64,186.65,0.00002,10
1594657800,188.67,188.67,188.52,188.52,0.00002,10
1594659600,186.45,186.46,186.45,186.46,0.00002,10
1594659900,188.02,188.03,188.0,188.02,0.00002,10
1594660200,186.71,186.81,186.71,186.81,0.00002,10
1594661100,186.83,188.1,186.83,188.04,0.00004,20
1594661700,186.92,186.92,186.92,186.92,0.00002,10
1594662000,188.65,188.65,188.63,188.63,0.000018,9
1594662300,186.89,186.89,186.89,186.89,0.13768621,1
1594662600,187.86,187.86,187.86,187.86,0.13774506,2
1594667700,186.49,186.49,186.49,186.49,0.14459767,1
1594668000,184.76,184.76,182.1,182.1,10.89,19
1594668600,184.1,184.1,179.5,182.67,6.28133344,22
1594674900,182.22,182.22,182.22,182.22,0.23981343,1
1594675500,182.25,182.25,182.25,182.25,0.00024067,1
1594675800,184.63,184.63,184.63,184.63,0.23620361,1
1594676100,182.08,182.08,182.08,182.08,0.23535487,1
1594676400,184.74,184.74,184.74,184.74,0.23146693,1
1594682100,182.99,182.99,178.45,178.45,27,29
1594716900,182.2,182.2,182.2,182.2,0.000002,1
1594717800,181.91,181.91,181.91,181.91,0.000002,1
1594718400,181.78,183.93,181.78,183.93,0.000012,6
1594719000,182.1,184.25,182.1,184.23,0.000016,8
1594723500,182.78,182.78,182.78,182.78,0.08701573,1
1594725900,183.3,183.7,183.3,183.7,2.00194734,5
1594728000,184.99,185.0,184.99,185.0,5.54491215,4
1594742700,182.95,182.95,182.95,182.95,0.33995664,3
1594768800,183.16,183.16,183.05,183.05,0.0228,2
1594775700,182.95,182.95,182.95,182.95,5,1
1594817400,182.56,182.56,180.94,180.94,0.00001653,2
1594820400,181.19,181.2,181.19,181.2,2.45205566,6
1594826400,181.75,181.76,181.75,181.76,0.01240201,2
1594844400,179.33,179.33,177.79,177.79,7,6
1594857900,179.9,179.9,176.65,176.65,13,6
1594882800,176.89,176.89,176.88,176.88,2.912,3
1594898100,174.65,174.65,174.64,174.64,2.01489,3
1594919100,177.46,177.46,177.46,177.46,2.40033949,1
1594919700,177.46,177.47,177.46,177.47,4.1173845,2
1594932300,175.54,175.54,175.54,175.54,0.6,1
1594986900,178.17,178.17,178.16,178.16,1.98,3
1594999200,178.29,178.29,178.29,178.29,0.75015877,3
1595034900,175.75,175.75,169.15,169.15,5E+1,12
1595035800,178.77,178.77,178.77,178.77,0.15397879,1
1595088000,178.34,178.34,178.34,178.34,0.00114,1
1595088300,178.34,178.34,178.34,178.34,0.00003365,1
1595099400,180.68,180.68,180.68,180.68,0.43085898,1
1595105100,178.34,178.34,176.61,176.61,52,6
1595105700,180.42,180.42,180.42,180.42,0.346,1
1595156100,176.03,176.03,176.03,176.03,0.40999999,3
1595172600,178.71,178.71,178.71,178.71,0.35300161,1
1595228400,181.03,181.03,181.03,181.03,0.26,1
1595241000,179.25,179.25,179.25,179.25,0.00472765,1
1595258400,179.14,179.14,179.14,179.14,0.05084288,1
1595261700,179.56,179.56,179.56,179.56,0.32500777,1
1595268600,178.0,178.0,178.0,178.0,0.4141,1
1595268900,176.44,176.44,176.44,176.44,0.34599999,3
1595273400,176.0,176.0,173.82,173.82,0.61958,3
1595273700,174.46,175.99,174.46,175.99,4.25078716,7
1595274000,176.32,176.32,176.32,176.32,1.26940287,1
1595317800,179.77,179.77,179.77,179.77,0.09869,3
1595367300,181.8,181.8,181.8,181.8,0.05,1
1595412300,182.64,182.64,182.64,182.64,0.01211861,1
1595429400,182.53,182.54,182.53,182.54,4.09088173,2
1595436000,184.14,184.14,184.14,184.14,0.05063565,1
1595441400,181.92,181.92,181.92,181.92,0.09802668,1
1595456700,184.18,184.18,184.18,184.18,0.2965089,1
1595457300,187.0,187.64,187.0,187.42,5.4287156,4
1595457900,187.64,187.64,187.64,187.64,1.70157796,3
1595483100,186.95,186.95,186.95,186.95,1.32173329,1
1595508300,188.66,188.66,188.66,188.66,0.16153186,1
1595510700,186.51,186.51,186.51,186.51,0.16153,2
1595517300,187.0,187.0,187.0,187.0,2,1
1595520000,188.13,188.14,188.13,188.14,4.38581369,2
1595522700,189.94,189.94,189.94,189.94,0.01243024,1
1595523300,187.19,190.0,187.19,190.0,2.772,4
1595525700,189.88,189.88,189.88,189.88,0.5,1
1595549700,188.02,188.02,188.02,188.02,0.000002,1
1595553900,187.32,187.32,187.32,187.32,0.000002,1
1595554500,186.96,186.96,186.96,186.96,0.000002,1
1595555400,186.95,186.95,186.95,186.95,0.000002,1
1595558100,187.4,187.4,187.33,187.33,0.000004,2
1595571000,186.82,186.82,186.82,186.82,0.000002,1
1595574900,184.91,184.91,184.91,184.91,0.000002,1
1595578500,190.11,200.0,190.11,190.23,11.18528235,5
1595595900,185.8,185.8,185.8,185.8,0.08282226,1
1595600700,185.24,185.25,185.24,185.25,1.7972,2
1595601000,184.97,185.37,184.91,185.37,0.00021344,5
1595604900,185.15,185.15,185.15,185.15,0.08282226,3
1595628600,186.0,186.0,186.0,186.0,0.1,1
1595630100,185.0,185.0,185.0,185.0,5,1
1595642700,187.99,188.0,187.99,188.0,3.45980712,3
1595643900,186.69,186.69,182.34,182.34,26.84553887,7
1595658000,190.5,190.5,190.5,190.5,1.36394226,1
1595713200,197.28,197.28,197.28,197.28,0.03369507,1
1595715300,196.61,196.61,190.99,190.99,34.93835248,13
1595721900,197.03,197.03,197.03,197.03,0.03344384,1
1595723100,198.02,198.02,198.02,198.02,0.0276199,1
1595724300,198.02,198.02,198.02,198.02,0.0276199,1
1595727300,196.12,196.12,196.12,196.12,0.299232,1
1595728200,194.98,194.98,194.98,194.98,0.69818472,1
1595739300,196.14,196.15,196.14,196.15,2.7212,2
1595750700,197.01,197.01,197.01,197.01,0.51575,2
1595754000,198.76,199.56,198.76,199.56,7,4
1595757600,200.0,200.0,200.0,200.0,6,9
1595759100,197.0,197.0,197.0,197.0,1,1
1595766300,194.1,194.1,194.1,194.1,0.50652808,1
1595766600,192.34,192.34,192.34,192.34,0.47148012,2
1595778600,193.24,193.24,193.24,193.24,1,3
1595779200,194.53,194.53,193.96,193.96,0.11057638,2
1595831100,197.83,197.83,197.83,197.83,0.81395414,1
1595850600,204.81,204.81,204.81,204.81,0.7,1
1595857800,202.38,202.38,202.38,202.38,1,4
1595862000,198.35,198.35,198.35,198.35,1.36777962,1
1595869200,204.53,204.53,204.53,204.53,0.29107309,1
1595872800,207.48,207.48,205.33,205.33,15.35,7
1595873400,210.0,210.0,210.0,210.0,1.00420129,6
1595877000,208.77,208.77,208.77,208.77,1,1
1595881500,209.61,209.61,209.61,209.61,2.44402829,1
1595886900,210.34,210.41,210.34,210.41,0.28337475,2
1595891700,210.55,211.15,210.55,211.15,0.44953589,2
1595892000,209.79,209.79,209.79,209.79,0.0484325,1
1595904000,213.94,213.94,213.94,213.94,0.03152631,1
1595908200,213.5,213.5,213.5,213.5,0.41399,3
1595932200,208.02,210.95,208.02,210.95,0.21561925,2
1595944200,217.98,218.57,217.98,218.57,6.10980801,3
1595944500,221.0,221.0,221.0,221.0,0.0013,1
1595944800,221.11,221.11,221.11,221.11,1.18488535,1
1595947800,227.99,228.0,227.99,228.0,2.01261818,3
1595948100,227.08,227.08,227.08,227.08,0.03633423,1
1595948400,226.11,226.11,226.11,226.11,0.14536563,1
1595951100,229.11,229.11,229.11,229.11,0.5,1
1595953500,228.05,228.05,228.05,228.05,0.06768921,1
1595962200,223.25,223.25,223.24,223.24,1.75,2
1595972700,226.11,226.11,226.11,226.11,0.36669036,1
1595987700,224.89,224.89,224.89,224.89,0.33563169,1
1596002100,225.62,225.62,225.62,225.62,1.06736348,1
1596003000,223.75,223.75,223.24,223.24,4.033,4
1596011100,226.92,227.04,226.92,227.04,5,4
1596013200,226.25,226.25,226.25,226.25,1,1
1596028200,223.52,223.52,223.52,223.52,0.03004948,1
1596028500,223.47,223.47,223.47,223.47,0.05023288,3
1596034800,224.66,224.66,224.66,224.66,1.40065711,1
1596042000,224.66,224.66,224.66,224.66,3.5,2
1596051000,226.84,226.84,226.84,226.84,1,1
1596077700,220.98,222.32,220.98,222.32,5,5
1596097200,216.29,216.29,209.71,209.71,30.68446,9
1596097800,221.09,221.09,221.09,221.09,0.21742807,1
1596113100,216.62,216.62,216.62,216.62,0.15881213,1
1596125100,222.4,222.4,222.4,222.4,0.63246364,1
1596127200,221.3,221.3,221.3,221.3,0.03667323,1
1596128400,221.32,221.32,221.3,221.3,3.49999999,5
1596142800,230.96,230.96,230.96,230.96,1.086,1
1596144900,226.73,226.73,226.73,226.73,0.9,1
1596180000,222.42,222.42,222.42,222.42,0.45,1
1596183300,222.96,222.97,222.96,222.97,2.08684978,2
1596186900,223.98,223.99,223.98,223.99,2.97026197,2
1596190200,223.11,223.11,223.11,223.11,0.03428029,1
1596207000,225.09,225.09,225.09,225.09,1.78472003,1
1596207900,229.03,229.03,229.03,229.03,1.3104044,2
1596209100,229.02,229.03,229.02,229.03,2.824622,2
1596209700,231.2,231.2,231.2,231.2,0.05775421,1
1596210600,231.64,231.65,231.64,231.65,1.99999999,2
1596211500,231.65,231.65,231.65,231.65,0.1,1
1596212700,234.21,234.21,231.05,231.05,1.90231509,2
1596216600,232.68,232.68,232.68,232.68,0.69225141,1
1596218400,230.0,230.0,230.0,230.0,3.12205635,2
1596249300,234.3,234.3,234.3,234.3,0.05978067,1
1596249600,235.0,235.0,235.0,235.0,6.79999999,4
1596257700,237.41,239.97,237.41,239.97,6,4
1596302700,240.0,240.0,240.0,240.0,0.5,3
1596303600,240.8,240.8,240.8,240.8,0.0638336,1
1596305400,238.53,238.53,238.53,238.53,0.44999999,3
1596308100,241.62,241.62,241.62,241.62,1,1
1596309900,244.2,244.2,244.2,244.2,0.06586006,1
1596316800,243.3,243.3,243.3,243.3,0.14262668,1
1596317100,243.26,243.26,243.21,243.21,0.63528005,7
1596331800,247.23,247.23,247.23,247.23,0.06743196,1
1596333900,247.5,247.5,247.5,247.5,0.06788653,1
1596334200,250.79,250.8,250.79,250.8,0.17077231,2
1596336300,254.3,254.3,254.3,254.3,0.07193945,1
1596340500,257.8,257.8,257.8,257.8,0.07396592,1
1596342900,242.43,242.43,242.31,242.31,2.4410265,3
1596343200,232.23,232.23,194.52,200.0,42.54787859,25
1596343500,218.16,218.28,204.66,215.69,1.15570599,6
1596344400,211.35,211.35,211.35,211.35,0.17221236,1
1596345000,222.43,222.43,222.43,222.43,1.15951045,1
1596346800,219.15,219.15,219.15,219.15,0.23575252,1
1596347400,219.15,223.27,219.15,223.27,0.07624634,3
1596347700,219.44,219.67,219.44,219.67,0.17554985,3
1596352800,227.12,227.12,227.12,227.12,1,1
1596356700,225.09,225.09,225.09,225.09,0.08465189,1
1596357600,224.45,224.45,224.45,224.45,0.08465189,1
1596358200,225.07,225.07,225.07,225.07,0.41705788,1
1596358800,224.6,224.68,224.6,224.68,1E+1,3
1596361800,223.41,223.41,223.41,223.41,0.75,1
1596367200,215.48,215.48,215.48,215.48,0.04687095,1
1596367500,216.51,216.51,216.51,216.51,0.94079263,1
1596381900,216.88,216.88,216.88,216.88,0.02853214,1
1596384000,217.0,217.0,217.0,217.0,4.60829,1
1596387900,220.95,220.95,220.95,220.95,0.08697142,1
1596397200,219.28,219.28,219.28,219.28,0.66993978,1
1596398700,221.74,222.97,221.74,222.97,2.136,3
1596404100,216.33,216.33,216.33,216.33,0.0873907,1
1596405300,221.11,221.11,221.11,221.11,0.37797938,1
1596436200,222.36,222.36,222.36,222.36,0.03527664,1
1596445800,223.52,223.54,223.52,223.54,2.46,2
1596456900,223.54,223.54,223.54,223.54,0.5,1
1596473400,232.94,232.94,232.94,232.94,0.32226545,1
1596474000,229.2,229.2,229.2,229.2,1.7919718,3
1596477600,230.0,230.0,230.0,230.0,2.45999999,6
1596492300,227.65,227.65,227.65,227.65,3.37787145,3
1596538800,223.78,223.78,223.78,223.78,0.28237353,1
1596553200,222.15,222.15,222.15,222.15,0.07420976,1
1596554400,224.2,224.2,224.16,224.16,1.17557225,2
1596593700,221.23,221.23,218.54,218.54,0.13367299,4
1596597900,221.34,221.34,221.34,221.34,0.02890362,1
1596615600,224.76,224.76,224.76,224.76,2.74242855,2
1596623700,223.93,223.93,223.93,223.93,0.06795142,1
1596636300,225.05,225.05,225.04,225.04,0.32306705,2
1596644100,225.03,225.03,225.03,225.03,0.34999999,3
1596644400,226.68,227.08,226.68,227.08,0.06042553,2
1596647100,227.69,227.69,227.69,227.69,0.0441,1
1596649200,227.05,227.05,227.05,227.05,0.1815305,1
1596651600,226.78,226.78,226.78,226.78,0.373,1
1596660600,226.24,226.24,226.24,226.24,0.13872264,1
1596664800,223.03,223.03,223.02,223.02,0.69240738,2
1596665100,223.17,223.18,223.17,223.18,2.36196822,2
1596675300,222.81,222.81,222.81,222.81,0.08552189,1
1596726600,238.74,240.75,238.74,240.75,8.32290503,7
1596732600,236.58,236.58,236.58,236.58,0.15465213,1
1596754800,234.08,234.3,234.08,234.3,0.1,4
1596763500,245.22,245.22,245.22,245.22,0.98500459,1
1596781500,245.55,245.55,245.55,245.55,0.05,2
1596782100,246.87,246.87,246.28,246.28,0.05,2
1596786600,244.66,244.66,244.66,244.66,0.025,1
1596787800,243.07,243.07,243.07,243.07,0.59999998,3
1596788400,245.69,245.69,245.69,245.69,0.025,1
1596788700,247.12,247.12,247.12,247.12,0.025,1
1596796800,246.76,246.76,246.76,246.76,0.025,1
1596797100,245.35,245.35,245.35,245.35,0.025,1
1596805500,244.83,244.83,244.83,244.83,0.025,1
1596806700,245.71,245.71,245.71,245.71,0.025,1
1596808200,248.06,248.06,248.06,248.06,0.6442696,1
1596809400,243.28,243.28,243.28,243.28,0.04,1
1596809700,246.4,246.4,246.4,246.4,0.03479999,1
1596814200,243.48,243.48,243.48,243.48,0.08313145,1
1596820200,235.65,235.65,235.65,235.65,0.16418643,1
1596821400,229.64,229.64,216.72,216.72,17.19227373,10
1596822600,225.66,225.66,223.55,223.55,0.26737482,2
1596822900,223.6,223.6,223.6,223.6,1.53843,3
1596824100,224.06,224.06,224.06,224.06,1.552,2
1596826800,226.57,226.57,226.57,226.57,0.025,1
1596834000,231.53,231.53,231.53,231.53,0.025,1
1596834300,230.97,230.97,230.97,230.97,0.025,1
1596846300,230.0,230.0,230.0,230.0,5,1
1596846600,230.0,230.0,230.0,230.0,1.57178743,1
1596848400,233.25,233.69,233.25,233.69,0.05,2
1596874200,230.95,230.95,230.95,230.95,0.025,1
1596875700,231.89,241.61,231.89,232.12,45.79241704,13
1596877800,232.75,232.75,232.75,232.75,0.07199999,1
1596879300,232.75,232.75,232.75,232.75,1,2
1596880500,236.12,236.12,236.12,236.12,44.99999996,6
1596881400,235.62,235.62,235.62,235.62,0.0424,1
1596882600,238.2,241.27,238.2,241.27,16,6
1596892200,235.0,235.0,235.0,235.0,1,1
1596902700,233.64,233.64,233.61,233.61,2.65009194,5
1596909600,235.0,235.0,235.0,235.0,0.064,1
1596922200,231.6,233.3,231.38,233.3,5.90593708,7
1596923100,232.59,234.0,232.59,234.0,1.05,3
1596923400,233.48,233.48,233.48,233.48,1,1
1596930900,233.5,233.5,233.5,233.5,4.99201277,1
1596961200,234.92,234.92,234.92,234.92,0.025,1
1596971100,234.33,234.33,234.33,234.33,0.025,1
1596979200,233.87,233.87,233.87,233.87,0.025,1
1596982200,226.85,226.85,226.84,226.85,3.21892213,6
1597011900,228.45,228.45,228.45,228.45,0.1,1
1597041300,235.02,237.65,235.02,237.65,1E+1,5
1597041900,236.08,237.75,236.08,237.75,9,5
1597055100,226.82,226.82,224.05,224.05,13.96329828,8
1597055400,223.81,223.81,223.81,223.81,0.07548476,1
1597056000,229.62,229.62,229.62,229.62,0.71384787,1
1597063500,231.7,231.7,229.82,229.82,7.312,7
1597074300,232.61,232.61,232.61,232.61,0.1213066,1
1597076400,232.63,232.63,232.63,232.63,1.97959231,2
1597151700,221.82,221.83,221.82,221.83,1.28090436,2
1597152300,221.82,221.82,221.82,221.82,0.45050986,1
1597155900,222.87,222.87,222.87,222.87,0.33352358,1
1597158300,219.24,219.24,219.24,219.24,1.637679,1
1597158600,215.59,215.59,215.59,215.59,0.5595565,1
1597158900,217.25,217.25,217.25,217.25,0.65133585,1
1597159200,219.86,219.86,219.86,219.86,0.11514958,1
1597166400,217.31,217.31,217.31,217.31,0.17134449,1
1597169700,217.3,217.3,217.3,217.3,1E+1,1
1597176900,212.7,212.7,212.7,212.7,0.77639822,1
1597177200,212.7,212.7,212.7,212.7,0.77639794,4
1597178100,208.62,208.62,208.62,208.62,0.39562278,1
1597178700,212.33,212.33,212.33,212.33,0.5329519,1
1597211700,211.37,211.37,211.37,211.37,0.43762123,1
1597235400,220.06,220.06,220.06,220.06,0.24,3
1597267800,211.34,211.34,211.34,211.34,0.07199999,3
1597308000,211.45,211.45,211.45,211.45,1.88224166,2
1597327800,215.45,215.51,215.45,215.51,2,2
1597328100,214.94,214.94,214.94,214.94,1,1
1597340100,214.4,214.4,214.4,214.4,1,1
1597340700,213.65,213.65,213.65,213.65,0.26216657,1
1597352100,215.91,215.91,215.91,215.91,4.30134499,5
1597352400,222.76,222.84,222.76,222.84,8.30255889,3
1597358700,225.85,225.85,225.85,225.85,1,1
1597398600,223.53,223.53,223.53,223.53,1.47483369,1
1597400400,221.5,221.5,221.5,221.5,1.98081,4
1597403100,220.96,220.96,220.0,220.0,2.1,4
1597405800,224.89,224.89,224.89,224.89,1.86160194,1
1597410600,223.8,224.16,223.8,224.16,7.99999999,7
1597429500,228.88,228.88,228.88,228.88,0.0437,1
1597464900,226.53,226.53,226.53,226.53,0.36062808,1
1597506000,233.51,233.52,233.51,233.52,6.85016532,2
1597529400,234.75,240.89,234.75,240.89,10.53723978,6
1597537200,228.21,228.21,228.21,228.21,0.32,1
1597541400,235.0,235.0,235.0,235.0,1,1
1597541700,237.0,237.0,237.0,237.0,1,1
1597542000,238.99,239.0,238.99,239.0,2.71214522,2
1597553100,239.0,239.0,239.0,239.0,0.11818942,1
1597578000,231.2,231.2,229.35,229.35,10.53724376,7
1597579500,225.4,225.4,221.99,221.99,8.30194096,4
1597618500,235.06,235.06,235.06,235.06,1.78952507,1
1597654800,240.04,240.06,240.04,240.06,7.79533353,3
1597658400,237.68,237.68,237.68,237.68,0.15220067,1
1597663200,242.79,242.8,242.79,242.8,6.60928926,5
1597670700,239.55,239.55,239.54,239.54,2.69466685,8
1597671000,239.52,239.52,239.52,239.52,0.0249996,1
1597674000,240.0,240.0,240.0,240.0,4.15833,1
1597674300,240.0,240.0,240.0,240.0,0.44360833,1
1597680900,246.31,246.31,246.31,246.31,0.05,1
1597684500,244.27,244.27,242.71,242.71,0.52894211,2
1597695000,246.99,246.99,246.99,246.99,0.2,1
1597695300,243.64,243.64,243.64,243.64,0.2,3
1597696500,243.79,243.79,243.79,243.79,0.5,1
1597703400,248.39,248.4,248.39,248.39,9.35973622,8
1597707000,245.75,245.75,245.0,245.0,1.51429645,2
1597718700,244.87,244.87,244.87,244.87,0.1,1
1597752300,238.91,238.91,238.91,238.91,1.63212018,1
1597757100,237.0,237.0,237.0,237.0,0.5,1
1597757700,236.0,236.0,236.0,236.0,0.5,2
1597758000,232.17,232.17,231.26,231.26,7.80039959,3
1597763100,233.71,239.04,233.71,239.04,1E+1,5
1597778700,233.74,235.06,233.74,235.06,4.26999999,3
1597779000,234.0,239.1,234.0,239.1,20.36865408,5
1597789800,234.84,234.84,234.84,234.84,1,1
1597790700,233.1,233.1,233.1,233.1,1,1
1597791000,232.0,232.0,232.0,232.0,1,1
1597792200,231.52,231.52,231.52,231.52,1,1
1597794600,230.88,230.88,230.88,230.88,1,1
1597808700,226.29,226.29,226.29,226.29,0.04463179,1
1597811100,222.4,222.4,222.4,222.4,0.8071,2
1597852200,222.4,222.4,222.4,222.4,0.5,1
1597863900,221.87,221.87,221.87,221.87,0.05,1
1597870500,220.0,220.0,220.0,220.0,0.5,2
1597978800,220.99,220.99,220.99,220.99,2,1
1598003100,230.41,230.41,230.41,230.41,0.05,1
1598005500,226.6,226.84,226.6,226.6,9.35873916,6
1598013600,223.05,223.05,223.05,223.05,1.55224468,1
1598027700,223.0,223.0,223.0,223.0,1.03564573,1
1598028000,223.0,223.0,223.0,223.0,1.20650673,1
1598040900,220.33,220.33,220.32,220.32,3.26,5
1598054700,214.79,214.79,214.67,214.67,6.02102079,2
1598055000,214.47,214.47,214.47,214.47,18.42610629,4
1598058600,213.06,213.06,213.06,213.06,2.20940831,1
1598074500,216.41,216.42,216.41,216.42,4.32844739,2
1598155200,216.16,216.16,216.16,216.16,0.0703983,3
1598267400,222.49,222.49,222.49,222.49,0.25,1
1598283900,222.18,222.18,222.18,222.18,0.44332,1
1598300100,224.11,224.11,224.11,224.11,1.75805,1
1598347200,220.41,220.41,220.41,220.41,0.06036793,1
1598364000,214.0,214.0,214.0,214.0,0.25,1
1598369400,211.22,211.22,211.0,211.0,6.3373016,5
1598370000,212.76,212.77,212.76,212.77,1.46864189,2
1598371800,210.24,210.24,210.24,210.24,0.99999999,3
1598386800,208.36,208.36,208.36,208.36,2.13032692,2
1598455800,211.76,211.76,211.76,211.76,0.05956566,1
1598517900,209.0,209.0,209.0,209.0,1,1
1598547600,200.79,200.79,200.79,200.79,0.25600777,1
1598570100,198.17,198.17,198.17,198.17,0.11399999,3
1598570400,202.47,202.47,202.47,202.47,0.1814487,1
1598597700,200.9,200.9,200.9,200.9,0.99999999,3
1598618400,203.45,203.51,203.45,203.51,4.79287999,4
1598802000,209.34,209.91,209.34,209.91,8.56546789,4
1598812800,205.6,205.6,205.6,205.6,1.45,1
1598867100,207.77,207.77,207.77,207.77,2.26565289,1
1598867400,207.75,207.75,207.75,207.75,1,1
1598877000,209.69,209.69,209.69,209.69,0.954,1
1598883300,208.03,208.03,208.03,208.03,2.57421664,1
1598885100,208.16,209.03,208.16,209.03,9.55,4
1598903400,205.31,205.31,205.31,205.31,0.25,1
1598904000,208.82,208.82,208.82,208.82,0.13054908,1
1598909700,207.57,207.57,207.57,207.57,0.96,1
1598926500,204.44,204.44,204.44,204.44,0.9636,1
1598947800,206.79,206.79,206.78,206.78,8.55781721,4
1598964000,209.94,218.36,209.94,218.36,22.80015231,6
1598972100,216.96,216.96,216.96,216.96,0.25,1
1598972400,210.26,217.99,210.26,217.99,8.37769586,5
1598997900,215.44,215.63,215.44,215.63,4.27231191,2
1599042300,212.8,212.8,212.8,212.8,0.24,1
1599042900,210.11,210.11,210.11,210.11,2,3
1599044700,207.55,207.55,206.49,206.49,1.57673825,2
1599045000,193.97,195.94,193.97,195.94,1.11854156,5
1599045600,193.13,193.13,193.13,193.13,0.317845,1
1599046800,198.37,198.37,198.37,198.37,0.19642948,1
1599048000,199.98,207.45,199.85,199.85,43.33,5
1599048300,200.38,200.38,200.38,200.38,0.1,1
1599051900,199.05,199.05,199.05,199.05,1,1
1599057600,199.28,234.52,198.58,198.58,51.03091753,10
1599057900,197.77,207.51,197.77,198.65,51.5639922,8
1599058200,198.64,198.75,198.64,198.75,5.5,3
1599113700,197.93,197.93,194.76,194.76,2,3
1599122700,198.39,198.41,198.39,198.41,4,2
1599125400,198.21,198.21,198.21,198.21,0.5,1
1599134400,193.01,193.46,193.01,193.46,7.4,4
1599135000,190.0,190.0,187.85,187.85,27.28481476,7
1599135300,189.15,189.15,189.15,189.15,7.21083752,3
1599135900,183.3,183.3,183.23,183.23,8.90504251,3
1599136200,186.34,186.35,186.34,186.35,2.06744873,2
1599145500,185.72,185.72,185.72,185.72,1.84989931,1
1599149100,183.2,183.2,183.2,183.2,0.07681122,1
1599167400,186.39,186.39,186.39,186.39,0.07,1
1599167700,185.0,185.0,185.0,185.0,1,1
1599171300,185.06,185.95,183.23,184.54,19.19331978,10
1599171900,183.63,183.63,183.63,183.63,0.025,1
1599173100,181.9,181.9,181.9,181.9,19.99999999,4
1599174900,180.77,180.77,180.77,180.77,2.765,1
1599175500,178.79,178.79,169.85,169.85,17.39729156,7
1599175800,173.92,173.92,154.73,161.28,55.88855285,21
1599176100,163.38,163.38,163.38,163.38,0.13565121,1
1599177300,162.8,162.8,162.8,162.8,0.42403378,1
1599178800,163.67,163.68,163.67,163.68,5.28926305,5
1599186600,166.92,166.93,166.92,166.93,3.82792796,2
1599199800,169.51,170.13,169.51,170.13,6.47999999,3
1599204000,169.25,169.25,169.25,169.25,0.07,1
1599205500,166.18,166.18,166.18,166.18,0.49999999,3
1599212700,177.03,177.04,177.03,177.04,1.86835597,2
1599219600,176.45,176.45,176.45,176.45,0.02826296,1
1599227400,178.26,178.26,178.26,178.26,2,1
1599228000,177.62,177.63,177.62,177.63,0.38489967,2
1599228900,173.23,173.23,173.23,173.23,0.34864771,1
1599230100,171.06,171.06,171.06,171.06,8.26832086,5
1599231000,166.0,166.0,166.0,166.0,6,2
1599231300,171.73,171.73,171.41,171.41,3.03650176,3
1599233400,170.93,170.93,170.93,170.93,0.59523234,1
1599236400,171.57,171.57,171.57,171.57,1,1
1599237300,173.58,173.58,173.58,173.58,2.14892321,1
1599239100,174.01,174.02,174.01,174.02,5.59999999,2
1599241800,174.46,174.46,174.46,174.46,0.5,1
1599259500,175.95,175.95,175.95,175.95,2.55759603,3
1599264300,174.78,174.79,174.78,174.79,3.24313272,2
1599296700,174.47,174.47,174.47,174.47,0.4,1
1599305100,166.8,166.81,166.8,166.81,2.19653,2
1599306300,168.41,168.41,168.41,168.41,1,1
1599309000,164.0,164.0,164.0,164.0,3.04878,1
1599311100,165.01,165.02,165.01,165.02,3.63345178,2
1599313800,170.63,170.64,170.63,170.64,3.96333158,2
1599314700,174.92,174.92,174.92,174.92,2.0411994,1
1599321900,174.98,174.98,174.98,174.98,0.69530834,1
1599322500,172.85,172.85,172.85,172.85,3.01559784,1
1599323100,172.81,172.82,172.81,172.82,5.51693755,3
1599330900,167.75,167.75,167.75,167.75,0.82199999,3
1599331200,167.75,167.75,167.75,167.75,0.8219942,1
1599331500,166.58,166.58,166.58,166.58,1.23732011,1
1599332100,164.14,168.83,164.14,168.83,5.39236312,8
1599332400,167.87,167.87,167.86,167.86,0.91182644,2
1599333600,162.91,162.91,162.91,162.91,0.53040917,1
1599345600,164.97,164.97,162.0,162.0,17.75135745,8
1599390000,174.74,174.74,171.99,171.99,0.38534555,2
1599400200,171.28,171.28,171.28,171.28,0.43838683,1
1599469800,171.0,171.0,171.0,171.0,4,1
1599490200,169.64,169.64,168.49,168.66,7.61063207,6
1599491100,169.17,169.18,169.17,169.18,1.38710817,3
1599491700,169.83,169.85,169.83,169.85,4.79806693,3
1599494100,172.6,172.6,172.6,172.6,0.05113943,1
1599565200,169.0,169.0,169.0,169.0,6,2
1599567000,170.63,170.63,170.63,170.63,0.22224,1
1599569700,172.27,172.27,172.27,172.27,1.7,1
1599579600,173.64,173.64,173.64,173.64,0.58,1
1599584700,172.71,172.71,172.71,172.71,0.08851163,1
1599604200,169.36,169.36,169.36,169.36,0.58651603,1
1599605100,171.35,171.36,171.35,171.36,3.74073976,2
1599618900,170.89,170.89,170.89,170.89,0.8,1
1599638400,174.98,174.99,174.98,174.99,1.93647992,2
1599660600,174.41,174.41,174.41,174.41,0.03951,1
1599669900,174.71,174.71,174.71,174.71,0.05002931,1
1599718500,175.52,175.52,175.52,175.52,0.11394712,1
1599720000,173.86,173.86,173.86,173.86,5.45436419,2
1599728700,174.33,174.33,174.33,174.33,0.055584,1
1599730800,174.84,174.84,174.84,174.84,0.04505,1
1599753300,176.96,176.97,176.96,176.97,4.19102184,2
1599756300,177.0,177.0,176.75,176.75,1,2
1599761400,179.48,179.49,179.48,179.49,2,2
1599811800,176.79,183.82,173.72,173.72,49.320264,9
1599828300,175.52,175.52,175.52,175.52,0.04487,1
1599915900,175.3,175.3,175.3,175.3,1,2
1599937200,180.13,180.13,180.13,180.13,0.21399373,1
1599991200,179.34,179.34,179.34,179.34,0.08602557,3
1600001700,175.5,175.5,175.5,175.5,1,1
1600002000,171.96,171.96,171.95,171.95,8.37949708,2
1600025400,174.03,174.04,174.03,174.04,3.76091,2
1600025700,174.0,174.0,174.0,174.0,5.74713,1
1600063200,174.43,174.43,174.43,174.43,2.30615356,1
1600117200,177.43,177.43,177.43,177.43,1.70714802,1
1600135500,177.43,177.43,177.43,177.43,0.9,1
1600136700,184.92,185.39,181.22,181.22,13.31306462,5
1600165800,182.0,182.0,182.0,182.0,5.5,1
1600183500,181.0,181.0,181.0,181.0,0.1,2
1600216200,175.77,175.77,175.77,175.77,0.21059716,1
1600259100,179.7,179.7,179.7,179.7,4.2031815,1
1600270500,181.03,181.03,181.03,181.03,1.54645555,1
1600298400,180.43,187.56,180.43,187.56,32.28856898,4
1600371000,181.18,181.18,181.18,181.18,0.08275438,1
1600371900,179.27,179.29,179.26,179.26,13.345,8
1600372200,179.36,179.36,179.32,179.32,4.879,3
1600372500,179.28,179.28,179.27,179.27,5.639,4
1600373700,179.55,179.55,179.54,179.54,6.339,4
1600387200,179.98,179.98,179.98,179.98,5.73356994,1
1600407600,180.98,180.98,180.98,180.98,1.5,1
1600445700,181.05,181.05,181.05,181.05,1.46890572,1
1600540800,181.22,181.22,181.22,181.22,2.29618861,1
1600570200,170.54,177.02,169.81,177.02,8.27968185,4
1600605600,176.72,176.72,176.72,176.72,0.1393,1
1600607700,174.94,174.94,174.94,174.94,0.14076,1
1600665900,176.09,176.09,176.09,176.09,1,1
1600681500,173.13,173.13,173.13,173.13,2.76230869,1
1600693800,169.15,169.16,169.15,169.16,1.15473,2
1600715100,168.91,168.93,168.91,168.93,7.74239124,3
1600717200,168.72,168.72,168.72,168.72,0.51036586,1
1600875600,169.99,169.99,169.99,169.99,0.145306,1
1600887900,164.05,164.05,163.18,163.18,7.74216462,3
1600889700,165.72,171.87,164.88,164.88,19.35310162,7
1600894200,160.83,160.83,160.83,160.83,0.04180128,1
1601010000,169.53,169.53,166.17,166.17,0.42253056,2
1601016300,169.01,175.52,169.01,175.52,40.02136943,7
1601051100,169.49,170.7,169.49,170.7,6.59673941,4
1601053800,168.47,168.47,168.47,168.47,1.99978,2
1601057400,171.52,178.65,171.52,171.57,30.45714928,7
1601079000,172.55,172.83,172.55,172.83,7.3267284,5
1601111400,170.39,170.39,170.39,170.39,0.37806575,1
1601137200,170.87,170.87,170.87,170.87,2.64334922,5
1601188800,169.92,169.92,169.91,169.91,7.33088276,2
1601190600,173.89,173.9,173.89,173.9,0.67835171,2
1601196600,171.3,171.3,171.3,171.3,0.25,3
1601200800,171.3,171.3,171.3,171.3,2.93834413,1
1601220900,174.68,174.71,174.68,174.71,7.15872627,3
1601228100,177.3,177.3,177.0,177.0,6.59673941,3
1601228400,177.35,177.35,177.03,177.07,28.478134,13
1601309100,178.75,178.75,178.75,178.75,0.169,3
1601310000,182.3,182.3,182.3,182.3,8.79994328,4
1601337000,173.62,173.62,173.62,173.62,0.22225424,1
1601388600,177.44,177.44,177.44,177.44,4.91618719,2
1601389200,177.44,177.44,177.44,177.44,0.00000561,1
1601390400,177.44,177.44,177.44,177.44,0.02499439,1
1601418600,175.66,175.66,175.66,175.66,0.2,1
1601483100,177.18,177.18,177.18,177.18,2.09649199,1
